input,match,notes
Discont,#item-868c94771,
discontentmt,#item-868c94771,
Inequ.y,#item-bafe6a7d2,
Hypocrisie,#item-5821466fa,
New Testament,#item-84496680a,
Com[m]andmt,#item-342367654,
Unthankfullness,#item-400ddd2e0,
red haired,#item-a1062b13d,
Negligence,#item-dfd2d85c3,
Consid,#item-37fe5c058,
mediator,#item-e03fccbbb,
Injust,#item-fb210324c,
Selfprofit,#item-0e15b046c,
Servant,#item-3513bb2bd,
Doctorship,#item-34ac490a3,
Minerals,#item-e1289ca34,
Small Way,#item-2a93f5b88,
Self-murd,#item-477bae7df,
disobed,#item-ab66bd9fd,
Stubborn,#item-223af03d7,
Remission,#item-891f6fb74,
Impart,#item-37fe4196e,
Impat,#item-267c3ac3f,
Montebank,#item-0d4c7cfeb,
Imposs,#item-dfaf3e8c6,
Wisdom,#item-e42300dfe,
Worship,#item-2b8a5b687,
defense,#item-7da8743c5,
Too slow,#item-5bc71e62e,
too slow,#item-5bc71e62e,
H. Ghost,#item-0bb65b876,
Pedantery,#item-2d8fab4cb,
will Worship,#item-d4a3712ee,
Livelyhood,#item-c59484501,
faithfullness,#item-d0ddf2293,
hotchpotch,#item-17f0268cc,
many men,#item-b18b9fcd1,
Prognostic,#item-46c12529d,
Prognostication,#item-46c12529d,
ecclesiastical disc,#item-c4e2bba71,
Eccles. Discipline,#item-c4e2bba71,
martial discipl,#item-9098cec91,
babling,#item-7be7b5bcb,
Self-murther,#item-477bae7df,
Selfdenial,#item-e12c96c89,
Gods blessings,#item-501e61424,
Love of Brethren,#item-7b1286b19,
Civil,#item-4fe320377,
Hast,#item-b472fa4fe,
Peace-maker,#item-fb8af06a3,
Little,#item-f81ed4510,
Coming of Xst,#item-e202e67bc,
Com[m]union,#item-04591d53c,
World's end,#item-cc1193c3a,
Inscriptions,#item-454cfd666,
Contentmt,#item-5f770ccf9,
Romance,#item-af75dbbde,
Banishmt,#item-ccc0b9c78,
Perfect,#item-d2dd2128e,
punishmt,#item-79ffc5944,
Original Tongue,#item-dc3f33b5e,
School,#item-238832d52,
dam[m]age,#item-f95d47f88,
Physicians,#item-9e1675f2b,
unmercifull,#item-2e68f38de,
Cross of Xst,#item-daf11e003,
great,#item-6c7cdca09,
disobed,#item-ab66bd9fd,
Guardians,#item-681cd26c1,
Imperfect,#item-ba07ed192,
Gods help,#item-7b1107290,
Gods Providence,#item-5ef72dfee,
Psalm,#item-863f88b4c,
Slow,#item-39c9d131e,
Testamt,#item-64d9caea7,
miracle,#item-a2f4c508e,
negligence,#item-dfd2d85c3,
Mediator,#item-e03fccbbb,
Orphan,#item-1d89b7ef2,
melancholy,#item-f7d2261c2,
Beauty,#item-74417d341,
Adultery,#item-7dab944a8,
Bounty,#item-ea495da66,
Perverting,#item-14c994091,Numerical section
Astrology,#item-a74a8fa02,Numerical section
refutation,#item-abf0ead1b,Numerical section
Pilgrimage,#item-8d6caefeb,Numerical section
Unfruitful,#item-699585c8d,
Neger,#item-5ed832a75,Numerical section
Unity,#item-56d48914b,Numerical section
Quarter,#item-35fe5d3ef,
Sympathy,#item-5506c2f45,
desire,#item-253d4d172,Numerical section
Disregard,#item-42f9f68b2,Numerical section
fainthearted,#item-335e81f7c,
Crucifix,#item-86b36112d,Numerical section
Tyran[n]y,#item-e932376fc,
Oppression,#item-64b0a243e,Numerical section
Strange Business,#item-bf2362a54,
Accustoming,#item-55463cc82,Numerical section
Works,#item-ca04f2c8c,
jest,#item-8fd26eddf,
Watchfulness,#item-e237c446b,
Desperate,#item-b4225f8ff,Numerical section
Drinking of healths,#item-2b1f4b265,
Excommunication,#item-d144254ea,Numerical section
World's End,#item-cc1193c3a,
infallibility,#item-8669bf862,Numerical section
mistake,#item-25995586c,Numerical section
Always,#item-0d8d401a8,Numerical section
Immortality,#item-591bfd9df,Numerical section
Self-examination,#item-a9aec9922,Numerical section
Incendiary,#item-ad04654e6,Numerical section
Prohibitions,#item-2d7698387,
familiarity,#item-be089df28,Numerical section
Moderation,#item-f59bc66fa,Numerical section
Success,#item-0d7adbf95,Numerical section
dispatch,#item-f5b03389a,Numerical section
Balance,#item-fd5cf2770,Numerical section
Clergy,#item-15b185629,Numerical section
Disappoint,#item-67a28c288,Numerical section
Desperation,#item-b4225f8ff,Numerical section
Oprhan house,#item-1d89b7ef2,
Indifferency,#item-b2a9195aa,Numerical section
means,#item-82ac839fa,Numerical section
English tongue,#item-0b1ecdc77,Numerical section
Too late,#item-120ef40bf,Numerical section
too late,#item-120ef40bf,Numerical section
Probability,#item-658148fa5,Numerical section
Juggling,#item-c76168e98,Numerical section
messenger,#item-78595a576,Numerical section
Swearing,#item-667f2fe9a,Numerical section
Plainness,#item-1207cb574,Numerical section
Stubbornness,#item-223af03d7,
Children,#item-29e7d6f26,Numerical section
Truce,#item-de8643f7e,Numerical section
Pretender to Learning,#item-ca4c1677c,Numerical section
Conviction,#item-4a9f158fa,Numerical section
Bigamy,#item-8e3b2ae3c,Numerical section
Flatterers,#item-c9615b60f,
Reprobates,#item-c0ba9402f,Numerical section
Jailer,#item-379e71d48,Numerical section
Wit,#item-e1b8743af,Numerical section
Punishmt,#item-79ffc5944,
Fables,#item-af75dbbde,
fables,#item-af75dbbde,
French Pocks,#item-f19860419,Numerical section
Preparation,#item-3f60ae944,Numerical section
Substantial,#item-a0c3b83f7,Numerical section
ability,#item-3096a9683,Numerical section
Captivity,#item-af662efcf,Numerical section
hast,#item-b472fa4fe,
Laconism,#item-eb4bf567f,Numerical section
slow,#item-39c9d131e,
False Prophets,#item-4b4dca92c,Numerical section
Provocation,#item-34258f713,Numerical section
Shopkeeper,#item-3b4618482,Numerical section
Butcher,#item-c8c4d50fe,Numerical section
Enthusiasm,#item-b3df03bc1,Numerical section
Renouncing,#item-3cc1594f7,Numerical section
Use,#item-591acc322,Numerical section
Impotency,#item-a6b144cee,Numerical section
external worship,#item-287033ba0,
External Worship,#item-287033ba0,
Lukewarmness,#item-fa3a7be67,Numerical section
ban[n]ishmt,#item-ccc0b9c78,
implicite faith,#item-744860391,Numerical section
dissenters,#item-05989aabb,Numerical section
Dissenters,#item-05989aabb,Numerical section
agreable,#item-16d46db60,
Perjury,#item-c15b7ed19,Numerical section
Oaths,#item-8a41c29da,
Curse,#item-0abd40d8e,Numerical section
Neutral,#item-323b2f38d,
Considerable,#item-e52d2771e,Numerical section
affectation,#item-f17e57e30,Numerical section
Presumption,#item-c10bda087,Numerical section
Profession,#item-5c0430238,Numerical section
Cry,#item-be4394b7e,Numerical section
Taste,#item-5b6f4d2d8,Numerical section
Instrumt,#item-4818d98ae,
Impartial,#item-37fe4196e,
Universalists,#item-7f843b161,Numerical section
Certain,#item-2f6fb588a,
Pretext,#item-b0f809301,Numerical section
Laying on of hands,#item-404efe19b,Numerical section
Rope,#item-d1cd3a538,Numerical section
misunderstanding,#item-d4dc2eb93,Numerical section
Likelyhood,#item-a7c6cbcff,
Infinit,#item-b1f9db9e6,Numerical section
Backbiting,#item-97a5afcbd,Numerical section
Noise,#item-8cd88f3b9,Numerical section
Vision,#item-6e701b602,Numerical section
Subject,#item-da31c4125,
Torturing,#item-ced21b694,Numerical section
Objection,#item-fdf8ba431,
Poverty parts,#item-f72c34167,Numerical section
Pennance,#item-20b795c50,Numerical section
a Lying together,#item-d7e9a28fb,Numerical section
Protestants,#item-429a02781,Numerical section
The Same,#item-147c93315,Numerical section
Conversation,#item-4e437590f,Numerical section
Bluntness,#item-d1dd4af8f,Numerical section
Staid man,#item-1af858e15,Numerical section
Difficult,#item-284e23a0c,
Self-righteousness,#item-8e1b998d2,Numerical section
Conjecture,#item-d1e8ee86b,Numerical section
to geld,#item-76e96702d,Numerical section
Councils,#item-41508590c,
Sight,#item-6a45c63fa,Numerical section